distance,dB,speed,,station,code,station distance
320,21.2,0,,Lebakbulus,LBB,329.481
330,24.3,20.2,,Fatmawati,FTW,2346.652
340,27.3,21.3,,Cipeteraya,CPR,4157.833
350,28.5,26.8,,Haji Nawi,HJN,5456.333
360,28.5,30.2,,Blok A,BLA,6672.378
370,28.9,33.9,,Blok M,BLM,7842.993
380,33.1,37.3,,ASEAN,ASN,8570.32
390,38.2,40,,Senayan,SNY,10088.951
400,41.1,42.2,,Istora,IST,10903.112
410,43.7,43.7,,Bendunganhilir,BNH,12218.189
420,45.1,44.7,,Setiabudi,SET,13001.462
430,46.1,45.8,,Dukuh Atas,DKA,13917.431
440,46.6,46.7,,Bundaran HI,BHI,14983.077
450,47.1,47.5,,,,
460,48.1,48.2,,,,
470,49,49.2,,,,
480,49.7,50.1,,,,
490,50.3,50.5,,,,
500,50,51.1,,,,
510,50.3,51.4,,,,
520,53.4,52.2,,,,
530,55.6,52.8,,,,
540,55.4,53.3,,,,
550,54.1,53.5,,,,
560,52.9,53.3,,,,
570,53.1,53.1,,,,
580,54.9,53.1,,,,
590,57,53.1,,,,
600,58.9,53.3,,,,
610,60.9,53.9,,,,
620,62.1,54.5,,,,
630,61.6,54.6,,,,
640,59.9,54.5,,,,
650,57.3,54.1,,,,
660,54.6,53.7,,,,
670,53,53.3,,,,
680,52.5,53,,,,
690,51.2,53,,,,
700,50.7,53.3,,,,
710,51.5,53.5,,,,
720,52.2,53.7,,,,
730,52.9,53.7,,,,
740,53.4,53.5,,,,
750,54.2,53.5,,,,
760,54.8,53.3,,,,
770,54.4,53.3,,,,
780,54.4,53.7,,,,
790,53.9,53.9,,,,
800,53.2,54.1,,,,
810,52.5,54.3,,,,
820,52.4,54.3,,,,
830,52.5,54.1,,,,
840,53.4,54.1,,,,
850,53.9,53.9,,,,
860,53.9,53.9,,,,
870,54.1,53.9,,,,
880,55.3,53.9,,,,
890,57.6,53.9,,,,
900,60,53.9,,,,
910,59.5,53.9,,,,
920,58.7,53.7,,,,
930,56.6,53.5,,,,
940,54.9,53.5,,,,
950,53.7,53.5,,,,
960,53.2,53.5,,,,
970,52.9,53.7,,,,
980,52.9,54.3,,,,
990,53.2,55.4,,,,
1000,53.2,56.9,,,,
1010,53,58.6,,,,
1020,52.5,60.1,,,,
1030,51.8,61.4,,,,
1040,51,62.6,,,,
1050,50,63.9,,,,
1060,49.4,65,,,,
1070,49.3,65.9,,,,
1080,50,67.1,,,,
1090,51.7,68,,,,
1100,53.7,69.1,,,,
1110,55.4,69.9,,,,
1120,56.4,70.8,,,,
1130,57.3,71.6,,,,
1140,57.6,72.3,,,,
1150,57.3,73.1,,,,
1160,56.8,73.8,,,,
1170,56.6,74.6,,,,
1180,56.6,75.3,,,,
1190,57.1,75.9,,,,
1200,58,76.5,,,,
1210,59.5,77.2,,,,
1220,61.2,78,,,,
1230,62.2,78.4,,,,
1240,63.2,79.1,,,,
1250,63.8,79.7,,,,
1260,64.1,80.1,,,,
1270,64.4,80.4,,,,
1280,64.6,80.8,,,,
1290,65.1,81.2,,,,
1300,65.6,81.4,,,,
1310,66.1,81.6,,,,
1320,66.1,81.9,,,,
1330,66,81.9,,,,
1340,65.8,81.9,,,,
1350,65.3,81.6,,,,
1360,65.1,81,,,,
1370,65.5,80.1,,,,
1380,65.8,79.3,,,,
1390,66.3,78.4,,,,
1400,67.2,77.6,,,,
1410,67.2,77,,,,
1420,66.8,76.7,,,,
1430,66.3,76.5,,,,
1440,65.6,76.5,,,,
1450,65.4,76.7,,,,
1460,65.8,77,,,,
1470,66,77.4,,,,
1480,66,77.6,,,,
1490,66.3,78,,,,
1500,66.3,78,,,,
1510,66.5,78,,,,
1520,66.3,78,,,,
1530,65.8,78,,,,
1540,65.4,78.4,,,,
1550,65.1,78.7,,,,
1560,65.8,78.4,,,,
1570,67.1,78.4,,,,
1580,68,78,,,,
1590,68,78,,,,
1600,67.7,78,,,,
1610,66.5,78.2,,,,
1620,65.3,78.7,,,,
1630,64.2,79.1,,,,
1640,63.4,79.3,,,,
1650,63.2,79.1,,,,
1660,63.2,79.1,,,,
1670,63.7,79.1,,,,
1680,64.6,78.7,,,,
1690,65.3,78.4,,,,
1700,66.3,78.4,,,,
1710,67.1,78,,,,
1720,66.8,78,,,,
1730,66.3,78,,,,
1740,65.1,78.4,,,,
1750,63.9,78.7,,,,
1760,63.5,78.7,,,,
1770,63.2,79.1,,,,
1780,63,79.1,,,,
1790,62.7,79.1,,,,
1800,62.4,79.1,,,,
1810,62.2,79.1,,,,
1820,62.2,78.7,,,,
1830,62.4,78.7,,,,
1840,62.9,78.7,,,,
1850,64.1,78.7,,,,
1860,65.4,78.7,,,,
1870,66.1,78.7,,,,
1880,66.6,78.7,,,,
1890,66.3,78.7,,,,
1900,65.1,79.1,,,,
1910,63.9,79.1,,,,
1920,63.2,79.1,,,,
1930,62.7,78.9,,,,
1940,62.5,78.4,,,,
1950,62.5,77.6,,,,
1960,62.5,76.9,,,,
1970,62.7,76.1,,,,
1980,62.3,75.3,,,,
1990,62.2,74.4,,,,
2000,62.1,73.7,,,,
2010,62.1,72,,,,
2020,61.8,71,,,,
2030,62,70.1,,,,
2040,62.1,69.1,,,,
2050,63.2,68.4,,,,
2060,64.2,67.3,,,,
2070,64.7,66.5,,,,
2080,64.5,65.2,,,,
2090,63.7,63.9,,,,
2100,62.7,62.2,,,,
2110,61.3,60.5,,,,
2120,60.4,58.8,,,,
2130,59.9,56.9,,,,
2140,59.8,55.2,,,,
2150,58.9,53.3,,,,
2160,57.5,51.6,,,,
2170,56.2,49.8,,,,
2180,55.7,47.7,,,,
2190,55,45.8,,,,
2200,53.4,44.3,,,,
2210,51.7,43.2,,,,
2220,50,41.7,,,,
2230,48.2,40,,,,
2240,46.6,37.9,,,,
2250,45.4,35.5,,,,
2260,45.9,33.2,,,,
2270,48.5,30,,,,
2280,49.5,27,,,,
2290,48.2,23.6,,,,
2300,45.3,19.6,,,,
2310,40.1,16.1,,,,
2320,33.7,0,,,,
2330,20.9,12.7,,,,
2340,24.4,16.4,,,,
2350,27.7,14.4,,,,
2360,26.5,20.4,,,,
2370,26.7,24.5,,,,
2380,28.4,27.5,,,,
2390,32.5,29.6,,,,
2400,38.9,31.1,,,,
2410,44.2,32.4,,,,
2420,43.7,33.8,,,,
2430,42,34.9,,,,
2440,42.9,35.6,,,,
2450,45.1,36.4,,,,
2460,47.5,37.1,,,,
2470,48.7,37.9,,,,
2480,47.6,38.3,,,,
2490,46.1,38.8,,,,
2500,45.4,39.2,,,,
2510,46.1,39,,,,
2520,46.6,38.8,,,,
2530,45.8,38.3,,,,
2540,44.6,38.1,,,,
2550,43,38.3,,,,
2560,42,38.7,,,,
2570,42.9,38.8,,,,
2580,43,38.7,,,,
2590,44.7,38.7,,,,
2600,47.1,38.5,,,,
2610,48.8,38.7,,,,
2620,50.2,38.8,,,,
2630,51.6,39.4,,,,
2640,53.3,39.4,,,,
2650,54.6,39.4,,,,
2660,55.3,39.2,,,,
2670,55.8,39,,,,
2680,56.5,38.8,,,,
2690,57.2,38.8,,,,
2700,57.9,38.7,,,,
2710,58,38.5,,,,
2720,58,38.5,,,,
2730,57.7,38.7,,,,
2740,57.2,39.2,,,,
2750,56,39.4,,,,
2760,55.5,39.6,,,,
2770,55.3,39.6,,,,
2780,55.3,39.6,,,,
2790,55,39.8,,,,
2800,52.9,40,,,,
2810,49.9,40.2,,,,
2820,47.1,40.3,,,,
2830,45.1,40.5,,,,
2840,44.4,40.9,,,,
2850,44.6,41.1,,,,
2860,44.6,41.3,,,,
2870,44.4,41.7,,,,
2880,45.3,41.7,,,,
2890,45.8,41.5,,,,
2900,45.3,41.1,,,,
2910,44.1,40.3,,,,
2920,43.4,39.6,,,,
2930,43.4,38.8,,,,
2940,43.4,38.1,,,,
2950,43,37.5,,,,
2960,42.7,37.7,,,,
2970,41.8,39,,,,
2980,41.2,41.3,,,,
2990,39.8,44.1,,,,
3000,38.4,47.3,,,,
3010,37.1,49.8,,,,
3020,37.2,52.4,,,,
3030,38.9,54.8,,,,
3040,41.3,56.7,,,,
3050,43.9,58.4,,,,
3060,45.3,59.5,,,,
3070,46.6,59.9,,,,
3080,49.5,60.7,,,,
3090,53.6,62.2,,,,
3100,57.5,62.9,,,,
3110,60.1,63.7,,,,
3120,60.8,64.4,,,,
3130,60.4,64.8,,,,
3140,59.6,65.4,,,,
3150,58.4,65.9,,,,
3160,57.4,66.3,,,,
3170,57,66.7,,,,
3180,58,67.1,,,,
3190,59.2,67.6,,,,
3200,59.8,68,,,,
3210,59.8,68.4,,,,
3220,59.8,68.8,,,,
3230,60.3,68.9,,,,
3240,61.6,68.9,,,,
3250,62.7,69.1,,,,
3260,63.5,69.1,,,,
3270,63.8,69.1,,,,
3280,63.7,68.9,,,,
3290,63.3,68.9,,,,
3300,62.5,68.9,,,,
3310,62.3,69.1,,,,
3320,62.3,69.5,,,,
3330,62.8,70.1,,,,
3340,63.5,70.8,,,,
3350,64.2,71.6,,,,
3360,64.5,72.3,,,,
3370,65,73.1,,,,
3380,64.9,73.8,,,,
3390,63.8,74.4,,,,
3400,62.5,74.8,,,,
3410,61.8,75.2,,,,
3420,61.1,75.5,,,,
3430,60.9,75.5,,,,
3440,61.3,75.5,,,,
3450,61.5,75.2,,,,
3460,61.8,75,,,,
3470,62.3,74.6,,,,
3480,62.7,74.2,,,,
3490,63.3,73.8,,,,
3500,64.9,73.5,,,,
3510,65.9,72.9,,,,
3520,66.1,72.3,,,,
3530,66.1,71.8,,,,
3540,65.7,71.2,,,,
3550,65.7,70.8,,,,
3560,65.9,70.6,,,,
3570,66.1,70.6,,,,
3580,66.4,70.8,,,,
3590,66.4,71,,,,
3600,66.2,71.2,,,,
3610,66.2,71.2,,,,
3620,66.4,71.2,,,,
3630,66.7,71,,,,
3640,66.7,70.8,,,,
3650,66.7,70.6,,,,
3660,66.4,70.3,,,,
3670,65.9,69.9,,,,
3680,65.7,69.5,,,,
3690,65.5,69.1,,,,
3700,65.2,68.8,,,,
3710,64.7,68.2,,,,
3720,64,67.4,,,,
3730,63.2,66.7,,,,
3740,62.3,65.9,,,,
3750,62.1,65.2,,,,
3760,62.5,64.2,,,,
3770,62.3,63.5,,,,
3780,62.1,62.6,,,,
3790,61.8,61.6,,,,
3800,60.9,60.3,,,,
3810,60.3,59.2,,,,
3820,59.8,57.8,,,,
3830,59.4,56.7,,,,
3840,58.6,56,,,,
3850,57.7,55.2,,,,
3860,57.2,54.8,,,,
3870,57.9,54.5,,,,
3880,60.1,54.5,,,,
3890,62.7,54.3,,,,
3900,64.2,54.3,,,,
3910,64.4,54.3,,,,
3920,63.3,54.3,,,,
3930,61.8,54.3,,,,
3940,60.1,54.1,,,,
3950,58.9,54.1,,,,
3960,57.5,53.9,,,,
3970,56,53.7,,,,
3980,54.8,52.8,,,,
3990,53.8,51.4,,,,
4000,53.1,49.8,,,,
4010,52.2,47.7,,,,
4020,51.9,45.4,,,,
4030,52.2,43.4,,,,
4040,52.6,41.1,,,,
4050,53.6,38.7,,,,
4060,54,36.2,,,,
4070,51.4,33.4,,,,
4080,46.8,30.4,,,,
4090,44.6,27.4,,,,
4100,45.1,23.8,,,,
4110,44.1,20,,,,
4120,39.1,16.6,,,,
4130,32.5,12.9,,,,
4140,27.3,0,,,,
4150,30.4,15.7,,,,
4160,25.5,14.6,,,,
4170,25.1,21.3,,,,
4180,27,27.2,,,,
4190,29.6,30.6,,,,
4200,34.5,34.1,,,,
4210,40.3,37.3,,,,
4220,44.2,40.3,,,,
4230,46.1,43.2,,,,
4240,45.9,45.8,,,,
4250,46.6,48.2,,,,
4260,47.1,50.9,,,,
4270,47.3,53.1,,,,
4280,47.5,55,,,,
4290,48,56.7,,,,
4300,48.5,57.8,,,,
4310,48.2,58.8,,,,
4320,48.7,59.5,,,,
4330,49.7,60.3,,,,
4340,51.9,60.9,,,,
4350,55.1,61.4,,,,
4360,58.4,62.2,,,,
4370,60.4,62.9,,,,
4380,60.9,63.7,,,,
4390,60.3,64.1,,,,
4400,59.2,64.8,,,,
4410,58.4,65.2,,,,
4420,58,65.8,,,,
4430,58,65.9,,,,
4440,58,66.3,,,,
4450,57.7,66.9,,,,
4460,57.4,67.3,,,,
4470,57,67.6,,,,
4480,56.7,68,,,,
4490,56.7,68.4,,,,
4500,57.2,68.4,,,,
4510,58.9,68.8,,,,
4520,60.3,68.9,,,,
4530,62,68.9,,,,
4540,62.1,69.1,,,,
4550,61.5,69.1,,,,
4560,62,69.3,,,,
4570,63.7,69.3,,,,
4580,64.7,69.5,,,,
4590,65.4,69.9,,,,
4600,65.4,70.5,,,,
4610,64.4,71.2,,,,
4620,63.8,72,,,,
4630,63.5,72.7,,,,
4640,63,73.1,,,,
4650,63,73.8,,,,
4660,63,74.6,,,,
4670,63.3,75.3,,,,
4680,64,75.7,,,,
4690,64.9,76.5,,,,
4700,65,77.2,,,,
4710,65.2,77.6,,,,
4720,64.9,78.4,,,,
4730,64.7,79.1,,,,
4740,64.7,79.5,,,,
4750,64.7,80.1,,,,
4760,64.7,80.6,,,,
4770,64.9,80.8,,,,
4780,65.4,81.2,,,,
4790,66.1,81.6,,,,
4800,66.7,81.9,,,,
4810,67.8,82.3,,,,
4820,68.6,82.7,,,,
4830,69,83.1,,,,
4840,68.6,83.4,,,,
4850,68.3,83.6,,,,
4860,67.6,83.6,,,,
4870,67.3,83.6,,,,
4880,66.7,83.4,,,,
4890,66.2,83.4,,,,
4900,65.9,83.4,,,,
4910,65.4,83.3,,,,
4920,65,83.1,,,,
4930,65.2,82.7,,,,
4940,65.7,82.3,,,,
4950,66.6,81.7,,,,
4960,67.6,81.2,,,,
4970,68.1,80.6,,,,
4980,68.3,79.9,,,,
4990,68.3,79.3,,,,
5000,67.9,78.5,,,,
5010,67.8,78,,,,
5020,67.4,77.2,,,,
5030,67.3,76.5,,,,
5040,66.9,75.7,,,,
5050,66.9,75,,,,
5060,67.8,74.2,,,,
5070,68.3,73.5,,,,
5080,68.4,72.5,,,,
5090,68.3,71.6,,,,
5100,68.6,70.6,,,,
5110,69.1,69.7,,,,
5120,70,69.1,,,,
5130,70.3,68.9,,,,
5140,69.8,68.8,,,,
5150,69.1,68.6,,,,
5160,68.1,68.6,,,,
5170,67.6,68.4,,,,
5180,66.9,68,,,,
5190,66.2,67.4,,,,
5200,64.9,66.7,,,,
5210,64.4,65.2,,,,
5220,63.8,63.5,,,,
5230,63.2,61.8,,,,
5240,62.5,59.9,,,,
5250,62,58.2,,,,
5260,62,56.3,,,,
5270,62.1,54.5,,,,
5280,62.5,52.4,,,,
5290,63.3,50.3,,,,
5300,63.3,48.2,,,,
5310,61.5,46,,,,
5320,58.6,43.9,,,,
5330,54.6,41.7,,,,
5340,50.5,39,,,,
5350,47.6,37,,,,
5360,46.1,34.5,,,,
5370,46.3,31.7,,,,
5380,46.6,29.1,,,,
5390,45.3,26.8,,,,
5400,43.7,23.8,,,,
5410,40.3,21,,,,
5420,35,18,,,,
5430,30.9,15.1,,,,
5440,25.5,10.8,,,,
5450,23.6,0,,,,
5460,24.8,17.6,,,,
5470,26.7,18.1,,,,
5480,28.5,23.2,,,,
5490,31.8,28.5,,,,
5500,37.1,32.1,,,,
5510,42.2,35.6,,,,
5520,44.6,38.5,,,,
5530,45.6,41.3,,,,
5540,46.6,44.3,,,,
5550,48.3,45.2,,,,
5560,47.6,46,,,,
5570,47.1,46.7,,,,
5580,47.1,47.5,,,,
5590,46.4,48.4,,,,
5600,45.8,49.2,,,,
5610,46.1,50.1,,,,
5620,47.6,50.7,,,,
5630,50.5,51.3,,,,
5640,53.3,52,,,,
5650,54.8,52.4,,,,
5660,54.6,53,,,,
5670,53.6,53.5,,,,
5680,53.3,53.9,,,,
5690,54.6,54.1,,,,
5700,56.7,54.3,,,,
5710,58.4,54.1,,,,
5720,59.6,54.1,,,,
5730,60.6,53.7,,,,
5740,61.3,53.5,,,,
5750,60.4,53.3,,,,
5760,58.4,53.1,,,,
5770,56.2,53.3,,,,
5780,54.6,53.7,,,,
5790,53.4,53.9,,,,
5800,52.2,54.1,,,,
5810,51.1,54.3,,,,
5820,49.9,54.3,,,,
5830,49,53.9,,,,
5840,48.7,53.5,,,,
5850,49.2,53,,,,
5860,51.7,52.8,,,,
5870,55.5,52.8,,,,
5880,58.2,53.1,,,,
5890,58.7,53.7,,,,
5900,57.9,54.1,,,,
5910,57.7,54.3,,,,
5920,58.2,54.3,,,,
5930,58.4,54.1,,,,
5940,59.1,53.7,,,,
5950,59.6,53.3,,,,
5960,60.4,53,,,,
5970,60.9,53,,,,
5980,60.8,53.3,,,,
5990,59.9,53.9,,,,
6000,59.1,54.8,,,,
6010,58,55.8,,,,
6020,57.4,57.3,,,,
6030,56.9,58.2,,,,
6040,56.3,59.4,,,,
6050,55.7,60.1,,,,
6060,54.3,60.9,,,,
6070,52.9,61.8,,,,
6080,52.2,62.4,,,,
6090,52.2,62.9,,,,
6100,52.8,63.5,,,,
6110,53.4,63.9,,,,
6120,54,64.4,,,,
6130,54.3,65,,,,
6140,54.1,65.4,,,,
6150,54.1,65.8,,,,
6160,55,66.1,,,,
6170,55.8,66.5,,,,
6180,56.7,67.1,,,,
6190,57.2,67.4,,,,
6200,57.2,67.8,,,,
6210,57,68,,,,
6220,56.7,68.4,,,,
6230,56.7,68.6,,,,
6240,56.9,69.3,,,,
6250,57.7,69.9,,,,
6260,58.7,70.6,,,,
6270,60.1,71.4,,,,
6280,60.9,72.3,,,,
6290,61.1,73.1,,,,
6300,60.8,73.8,,,,
6310,60.6,74,,,,
6320,60.4,74.4,,,,
6330,61.1,74.6,,,,
6340,61.6,74.6,,,,
6350,61.6,74.4,,,,
6360,61.6,74.2,,,,
6370,61.6,73.7,,,,
6380,62,72.3,,,,
6390,63,71,,,,
6400,64.2,69.5,,,,
6410,65.9,67.8,,,,
6420,66.7,65.9,,,,
6430,66.7,64.2,,,,
6440,66.7,62.4,,,,
6450,66.4,60.5,,,,
6460,66.1,58.4,,,,
6470,64.9,56,,,,
6480,62.7,53.5,,,,
6490,59.9,51.1,,,,
6500,57.2,48.4,,,,
6510,54.6,46.2,,,,
6520,54,43.9,,,,
6530,54,42.2,,,,
6540,51.9,41.1,,,,
6550,49.5,40.2,,,,
6560,47.1,39.2,,,,
6570,44.1,37.3,,,,
6580,41.7,35.5,,,,
6590,41,32.3,,,,
6600,42.9,29.6,,,,
6610,46.4,26.2,,,,
6620,44.4,22.3,,,,
6630,40.3,19.1,,,,
6640,35.4,15.5,,,,
6650,31.6,0,,,,
6660,24.8,13.1,,,,
6670,23.6,16.1,,,,
6680,26.5,17,,,,
6690,28.7,22.3,,,,
6700,31.4,27.2,,,,
6710,34.5,31.1,,,,
6720,40.7,34.1,,,,
6730,43.9,37.7,,,,
6740,44.4,40.9,,,,
6750,45.4,43.7,,,,
6760,46.4,46.4,,,,
6770,47.1,48.8,,,,
6780,47.3,51.1,,,,
6790,47.8,53.5,,,,
6800,49,55.8,,,,
6810,49.7,57.5,,,,
6820,49.7,59,,,,
6830,49.5,60.9,,,,
6840,49.2,62.4,,,,
6850,50,63.7,,,,
6860,51.2,65.2,,,,
6870,52.6,66.5,,,,
6880,53.6,67.8,,,,
6890,55,69.3,,,,
6900,56.2,70.5,,,,
6910,57.5,71.6,,,,
6920,58.6,72.7,,,,
6930,58.9,73.7,,,,
6940,59.2,74.8,,,,
6950,59.4,75.9,,,,
6960,59.8,76.7,,,,
6970,60.6,77.8,,,,
6980,61.3,78.7,,,,
6990,62,79.7,,,,
7000,62.7,80.2,,,,
7010,63.2,81.2,,,,
7020,63.8,82.1,,,,
7030,64.4,82.9,,,,
7040,65.2,83.6,,,,
7050,66.6,84.4,,,,
7060,67.3,85.1,,,,
7070,67.4,85.9,,,,
7080,67.4,86.6,,,,
7090,66.9,87.4,,,,
7100,66.6,87.8,,,,
7110,66.4,88.3,,,,
7120,66.1,88.5,,,,
7130,66.4,88.5,,,,
7140,67.6,88.5,,,,
7150,69,88.3,,,,
7160,69.5,88,,,,
7170,69.8,87.8,,,,
7180,69.5,87,,,,
7190,68.8,86.6,,,,
7200,67.9,85.9,,,,
7210,67.8,84.9,,,,
7220,68.1,84.2,,,,
7230,68.3,83.3,,,,
7240,69,82.3,,,,
7250,69.3,81.2,,,,
7260,69,80.2,,,,
7270,68.6,79.1,,,,
7280,69.3,78.2,,,,
7290,70,77,,,,
7300,70.8,75.9,,,,
7310,71.2,75.2,,,,
7320,70.5,74,,,,
7330,69.3,72.9,,,,
7340,68.4,71.8,,,,
7350,67.8,70.8,,,,
7360,67.9,69.9,,,,
7370,68.3,68.9,,,,
7380,68.6,68,,,,
7390,68.8,67.1,,,,
7400,68.8,66.3,,,,
7410,68.4,65.6,,,,
7420,68.3,64.6,,,,
7430,67.3,63.5,,,,
7440,66.1,62.4,,,,
7450,63.8,61.2,,,,
7460,61.5,60.3,,,,
7470,59.1,59.2,,,,
7480,57.2,57.8,,,,
7490,56,56.7,,,,
7500,55.5,55.8,,,,
7510,55.7,54.6,,,,
7520,55.8,53.5,,,,
7530,55,52.2,,,,
7540,54,50.9,,,,
7550,53.3,49.8,,,,
7560,52.6,49.4,,,,
7570,52.1,48.8,,,,
7580,51.6,48.8,,,,
7590,51.4,48.4,,,,
7600,50.7,48.2,,,,
7610,50.4,48.2,,,,
7620,50.5,48.6,,,,
7630,51.2,48.8,,,,
7640,52.6,48.2,,,,
7650,53.4,47.5,,,,
7660,54.8,46.4,,,,
7670,56.3,45.2,,,,
7680,56.5,43.9,,,,
7690,55.5,42.2,,,,
7700,54.6,40.5,,,,
7710,55,39.4,,,,
7720,54.3,38.7,,,,
7730,52.1,38.7,,,,
7740,49.7,39,,,,
7750,46.1,40,,,,
7760,43.9,40.7,,,,
7770,44.1,41.3,,,,
7780,45.8,42,,,,
7790,47.1,42.8,,,,
7800,49,43.4,,,,
7810,50.9,43.5,,,,
7820,53.1,43.4,,,,
7830,55.5,43,,,,
7840,56.9,41.9,,,,
7850,56.5,40,,,,
7860,55.5,37.3,,,,
7870,54,34.3,,,,
7880,50.7,31.3,,,,
7890,48,27.2,,,,
7900,44.7,22.1,,,,
7910,37.8,18.3,,,,
7920,32,15.1,,,,
7930,21.4,11,,,,
7940,24.3,0,,,,
7950,26,16.8,,,,
7960,26.2,17.8,,,,
7970,28.2,22.7,,,,
7980,32,28.1,,,,
7990,36.6,31.9,,,,
8000,41.8,37.7,,,,
8010,43.9,39,,,,
8020,45.4,40.2,,,,
8030,45.8,41.3,,,,
8040,46.1,42.4,,,,
8050,47,43.2,,,,
8060,49.5,44.3,,,,
8070,51.7,45.1,,,,
8080,52.4,45.8,,,,
8090,53.1,46.4,,,,
8100,53.6,46.7,,,,
8110,54.6,47.5,,,,
8120,55.5,48.1,,,,
8130,56,48.4,,,,
8140,55.1,48.4,,,,
8150,53.8,48.8,,,,
8160,52.2,49.2,,,,
8170,50.9,49.2,,,,
8180,49.7,49.6,,,,
8190,48.8,49.9,,,,
8200,48.2,50.3,,,,
8210,49.7,50.5,,,,
8220,51.7,50.7,,,,
8230,53.1,50.9,,,,
8240,54.1,51.1,,,,
8250,54.5,51.1,,,,
8260,54,51.3,,,,
8270,53.4,51.4,,,,
8280,52.6,51.4,,,,
8290,51.6,51.4,,,,
8300,50.7,51.4,,,,
8310,51.1,51.1,,,,
8320,52.2,50.7,,,,
8330,53.6,50.1,,,,
8340,54.1,49.6,,,,
8350,54.8,49,,,,
8360,56.2,48.6,,,,
8370,56.5,48.1,,,,
8380,56.7,47.9,,,,
8390,56.2,47.7,,,,
8400,54.5,47.5,,,,
8410,53.1,47.3,,,,
8420,51.6,46.9,,,,
8430,51.4,46.4,,,,
8440,52.6,45.4,,,,
8450,53.3,43.7,,,,
8460,52.9,41.1,,,,
8470,51.6,38.5,,,,
8480,50,35.3,,,,
8490,49,31.9,,,,
8500,48,28.7,,,,
8510,45.4,25.7,,,,
8520,41.7,21.7,,,,
8530,37.1,18.3,,,,
8540,30.6,15.5,,,,
8550,24.6,0,,,,
8560,24.4,13.1,,,,
8570,28.4,16.1,,,,
8580,30.6,17.2,,,,
8590,29.6,22.5,,,,
8600,30.9,27.4,,,,
8610,35.4,31.7,,,,
8620,40.1,35.1,,,,
8630,43.2,38.3,,,,
8640,45.4,41.1,,,,
8650,46.4,44.3,,,,
8660,47.6,46.9,,,,
8670,47.3,49.2,,,,
8680,46.6,51.4,,,,
8690,47.1,54.1,,,,
8700,47,56.5,,,,
8710,46.6,58.2,,,,
8720,46.6,60.1,,,,
8730,48,61.8,,,,
8740,50.9,63.5,,,,
8750,53.4,65.2,,,,
8760,55.7,66.7,,,,
8770,56.9,68.2,,,,
8780,57.5,69.7,,,,
8790,59.4,70.8,,,,
8800,62.3,72.3,,,,
8810,64,73.5,,,,
8820,63.8,74.4,,,,
8830,63,75.5,,,,
8840,62.1,76.5,,,,
8850,61.5,77.2,,,,
8860,62.3,78,,,,
8870,64.2,78.7,,,,
8880,66.4,79.1,,,,
8890,69.1,79.7,,,,
8900,70.8,80.2,,,,
8910,71.2,80.4,,,,
8920,71.2,80.8,,,,
8930,70.5,81,,,,
8940,69.6,80.8,,,,
8950,69,80.8,,,,
8960,68.6,80.6,,,,
8970,69,80.4,,,,
8980,69.5,80.1,,,,
8990,69.1,80.1,,,,
9000,68.8,79.7,,,,
9010,68.1,79.3,,,,
9020,67.1,79.1,,,,
9030,66.6,78.7,,,,
9040,66.9,78.4,,,,
9050,67.4,77.8,,,,
9060,68.1,77.2,,,,
9070,69.1,76.7,,,,
9080,69.6,76.1,,,,
9090,70.3,75.5,,,,
9100,70.5,75,,,,
9110,70.3,74.2,,,,
9120,70.8,73.5,,,,
9130,71.7,73.1,,,,
9140,71.5,72.3,,,,
9150,70.8,71.6,,,,
9160,69.3,71.2,,,,
9170,67.8,71,,,,
9180,67.1,71,,,,
9190,67.3,71.2,,,,
9200,66.7,71.4,,,,
9210,66.2,71.8,,,,
9220,66.1,72,,,,
9230,66.2,72,,,,
9240,66.4,71.8,,,,
9250,66.4,71.6,,,,
9260,65.9,71,,,,
9270,65.2,70.6,,,,
9280,64.9,70.3,,,,
9290,64.7,69.9,,,,
9300,65.4,69.9,,,,
9310,66.9,70.1,,,,
9320,69.5,70.3,,,,
9330,71.9,70.6,,,,
9340,74.1,70.8,,,,
9350,75.6,70.8,,,,
9360,75.4,71,,,,
9370,75.1,71,,,,
9380,74.1,70.8,,,,
9390,72.7,70.8,,,,
9400,71,70.8,,,,
9410,70,70.6,,,,
9420,69.5,70.6,,,,
9430,69.3,70.5,,,,
9440,69.3,70.5,,,,
9450,69.1,70.3,,,,
9460,69.1,70.3,,,,
9470,68.6,70.1,,,,
9480,68.3,70.1,,,,
9490,67.9,69.9,,,,
9500,67.8,69.9,,,,
9510,69,69.7,,,,
9520,70,69.5,,,,
9530,70.2,69.5,,,,
9540,69.6,69.3,,,,
9550,69.1,69.1,,,,
9560,68.8,69.1,,,,
9570,68.8,68.9,,,,
9580,68.6,68.9,,,,
9590,68.1,68.8,,,,
9600,67.6,68.6,,,,
9610,67.3,68.4,,,,
9620,66.7,68.2,,,,
9630,66.6,68.4,,,,
9640,66.6,68.4,,,,
9650,67.3,68.8,,,,
9660,67.6,69.1,,,,
9670,67.9,69.5,,,,
9680,68.3,69.5,,,,
9690,68.4,69.9,,,,
9700,69,69.9,,,,
9710,69.3,69.9,,,,
9720,69.5,69.5,,,,
9730,69.8,69.1,,,,
9740,69.6,68.8,,,,
9750,69.3,68.4,,,,
9760,68.8,67.8,,,,
9770,68.1,67.3,,,,
9780,67.8,66.9,,,,
9790,67.8,66.5,,,,
9800,67.9,65.9,,,,
9810,68.1,65.6,,,,
9820,68.1,65,,,,
9830,68.3,64.6,,,,
9840,68.6,64.1,,,,
9850,68.8,63.5,,,,
9860,68.8,62.9,,,,
9870,68.8,62,,,,
9880,68.6,60.9,,,,
9890,68.3,59.9,,,,
9900,68.1,59,,,,
9910,67.9,57.8,,,,
9920,67.6,56.5,,,,
9930,67.1,55,,,,
9940,66.2,53.3,,,,
9950,65.5,51.8,,,,
9960,64.9,49.9,,,,
9970,63.8,47.9,,,,
9980,63,46,,,,
9990,61.6,43.7,,,,
10000,59.8,41.1,,,,
10010,57.7,38.5,,,,
10020,56,35.3,,,,
10030,54.1,31.5,,,,
10040,50.7,27.4,,,,
10050,44.4,22.5,,,,
10060,36.7,18.1,,,,
10070,24.3,14.6,,,,
10080,27.5,9.9,,,,
10090,27.5,0,,,,
10100,29.9,19.1,,,,
10110,33,19.3,,,,
10120,36.4,24.4,,,,
10130,41.5,28.7,,,,
10140,47.1,32.1,,,,
10150,50.2,35.5,,,,
10160,51.2,38.8,,,,
10170,51.9,41.9,,,,
10180,52.9,44.3,,,,
10190,54,46.7,,,,
10200,54.3,48.2,,,,
10210,55.1,49.2,,,,
10220,55.8,50.1,,,,
10230,55.8,50.9,,,,
10240,55.8,51.6,,,,
10250,57,52.4,,,,
10260,59.8,53.1,,,,
10270,62.1,53.9,,,,
10280,63,54.6,,,,
10290,62.7,55.8,,,,
10300,62.3,56.9,,,,
10310,62.3,58.4,,,,
10320,62.8,59.7,,,,
10330,63.3,61,,,,
10340,64.2,62.4,,,,
10350,65,63.3,,,,
10360,65.9,63.9,,,,
10370,66.4,64.4,,,,
10380,66.7,64.8,,,,
10390,67.4,65.2,,,,
10400,68.1,65.6,,,,
10410,68.4,65.8,,,,
10420,68.8,66.1,,,,
10430,69,66.5,,,,
10440,69.3,66.9,,,,
10450,69.5,67.6,,,,
10460,69.5,67.8,,,,
10470,69.5,68,,,,
10480,69.5,68.4,,,,
10490,69.3,68.8,,,,
10500,69,69.1,,,,
10510,68.6,69.3,,,,
10520,68.6,69.5,,,,
10530,69,69.3,,,,
10540,69.5,69.1,,,,
10550,70.2,68.8,,,,
10560,70.8,68.8,,,,
10570,71.9,68.4,,,,
10580,72.7,68.2,,,,
10590,73.1,68,,,,
10600,73.2,68,,,,
10610,73.2,68,,,,
10620,73.1,68,,,,
10630,72.5,68,,,,
10640,71.7,67.8,,,,
10650,70.7,67.4,,,,
10660,69.8,66.7,,,,
10670,69.3,65.6,,,,
10680,69.1,64.2,,,,
10690,69.1,62.7,,,,
10700,69.1,61.2,,,,
10710,68.4,59.7,,,,
10720,67.6,58,,,,
10730,66.6,56.2,,,,
10740,66.1,54.1,,,,
10750,65.9,52,,,,
10760,65.7,49.8,,,,
10770,65.7,47.7,,,,
10780,65.5,45.4,,,,
10790,65,43,,,,
10800,64.5,40.3,,,,
10810,63.3,37.5,,,,
10820,61.3,35.1,,,,
10830,58,30.9,,,,
10840,54.6,27.5,,,,
10850,50.5,24.2,,,,
10860,44.6,20.4,,,,
10870,37.6,17.2,,,,
10880,31.8,13.8,,,,
10890,20.5,0,,,,
10900,23.9,14.6,,,,
10910,25,19.1,,,,
10920,28,19.8,,,,
10930,30.9,25.1,,,,
10940,35.9,29.2,,,,
10950,41.2,33.2,,,,
10960,45.8,36.4,,,,
10970,49,39.6,,,,
10980,49.3,42.6,,,,
10990,50.4,45.2,,,,
11000,52,48,,,,
11010,54.2,50,,,,
11020,54.7,52.3,,,,
11030,54,54.1,,,,
11040,54,55.8,,,,
11050,54.5,57.3,,,,
11060,55.4,59,,,,
11070,56.6,59.9,,,,
11080,58.3,60.9,,,,
11090,60.7,61.4,,,,
11100,63.4,61.8,,,,
11110,66,62.4,,,,
11120,67.9,62.8,,,,
11130,68.9,63.1,,,,
11140,69.6,63.5,,,,
11150,70.5,64.1,,,,
11160,70.8,64.4,,,,
11170,71.2,64.8,,,,
11180,71.5,65.4,,,,
11190,71.7,65.9,,,,
11200,71.9,66.3,,,,
11210,71.5,66.7,,,,
11220,71.2,67.1,,,,
11230,71,67.4,,,,
11240,71,67.8,,,,
11250,71.7,68.2,,,,
11260,72.5,68.6,,,,
11270,73.6,68.6,,,,
11280,74.6,68.9,,,,
11290,74.4,69.1,,,,
11300,74.3,69.1,,,,
11310,73.9,69.3,,,,
11320,73.4,69.5,,,,
11330,73.1,69.7,,,,
11340,72.9,70.2,,,,
11350,72.5,70.8,,,,
11360,72.4,71.2,,,,
11370,72.4,71.6,,,,
11380,72.5,71.7,,,,
11390,72.9,72.1,,,,
11400,73.2,72.5,,,,
11410,73.7,73,,,,
11420,73.9,73.4,,,,
11430,73.9,73.6,,,,
11440,74.3,73.6,,,,
11450,74.8,73.6,,,,
11460,75.5,73.8,,,,
11470,75.8,74,,,,
11480,76.1,74.4,,,,
11490,76.1,74.7,,,,
11500,76.1,74.7,,,,
11510,76.1,74.7,,,,
11520,76.1,74.7,,,,
11530,76.1,74.7,,,,
11540,76.1,74.7,,,,
11550,76.1,74.7,,,,
11560,75.8,74.7,,,,
11570,75.8,74.7,,,,
11580,75.5,74.7,,,,
11590,75.6,74.7,,,,
11600,76.3,74.7,,,,
11610,77.3,74.7,,,,
11620,78.2,74.7,,,,
11630,78.9,74.7,,,,
11640,78.9,74.7,,,,
11650,78.7,74.7,,,,
11660,78.4,74.7,,,,
11670,77.3,74.7,,,,
11680,76.7,74.7,,,,
11690,75.8,74.7,,,,
11700,74.9,74.7,,,,
11710,74.6,74.7,,,,
11720,74.1,74.7,,,,
11730,74.1,74.7,,,,
11740,74.1,74.7,,,,
11750,74.1,74.7,,,,
11760,74.1,74.7,,,,
11770,74.1,74.7,,,,
11780,74.3,74.7,,,,
11790,74.6,74.7,,,,
11800,75.3,74.7,,,,
11810,76.1,74.7,,,,
11820,77.2,74.7,,,,
11830,78.5,74.7,,,,
11840,79.6,74.7,,,,
11850,80.4,74.7,,,,
11860,80.8,74.7,,,,
11870,81,74.7,,,,
11880,81,74.7,,,,
11890,81,74.7,,,,
11900,81,74.5,,,,
11910,81,74.2,,,,
11920,81,73.6,,,,
11930,81,72.9,,,,
11940,80.8,71.7,,,,
11950,80.4,70.4,,,,
11960,80.1,69.1,,,,
11970,79.7,67.8,,,,
11980,79.1,66.5,,,,
11990,78.9,65,,,,
12000,78.7,63.7,,,,
12010,79.1,62.2,,,,
12020,79.1,60.7,,,,
12030,78.2,59.2,,,,
12040,77,57.3,,,,
12050,75.8,55.6,,,,
12060,75.3,53.8,,,,
12070,75.5,49.7,,,,
12080,75.8,47.4,,,,
12090,76,45.4,,,,
12100,75.5,42.9,,,,
12110,74.4,40.3,,,,
12120,72.7,37.7,,,,
12130,70.8,35.1,,,,
12140,68.8,32.1,,,,
12150,66.5,29.3,,,,
12160,64.5,25.9,,,,
12170,63.1,21.8,,,,
12180,60.7,18.2,,,,
12190,55.9,15.4,,,,
12200,48.9,0,,,,
12210,41.3,13.5,,,,
12220,26.9,18.8,,,,
12230,30.2,19.1,,,,
12240,30.2,24.6,,,,
12250,31.7,29.3,,,,
12260,34.8,32.6,,,,
12270,38.4,36.4,,,,
12280,43.9,39.2,,,,
12290,48.7,41.8,,,,
12300,50.9,44.8,,,,
12310,51.4,47.2,,,,
12320,52.6,49.7,,,,
12330,53.7,51.3,,,,
12340,54,53.8,,,,
12350,54.7,55.5,,,,
12360,56.2,57.1,,,,
12370,58,58.3,,,,
12380,58.8,59.6,,,,
12390,59.3,60.3,,,,
12400,59.3,60.7,,,,
12410,59.8,61.3,,,,
12420,60.5,61.6,,,,
12430,61.7,62.4,,,,
12440,63.1,63.1,,,,
12450,64.5,63.9,,,,
12460,65.7,64.4,,,,
12470,66.7,64.8,,,,
12480,67.7,65.4,,,,
12490,68.4,65.9,,,,
12500,68.6,66.3,,,,
12510,68.8,66.9,,,,
12520,68.9,67.4,,,,
12530,68.9,67.6,,,,
12540,69.5,67.8,,,,
12550,70,68,,,,
12560,71,68.2,,,,
12570,71.5,68.6,,,,
12580,72.2,68.7,,,,
12590,73.1,68.9,,,,
12600,73.7,68.9,,,,
12610,74.6,68.7,,,,
12620,74.9,68.7,,,,
12630,74.8,68.7,,,,
12640,73.9,68.7,,,,
12650,73.1,68.9,,,,
12660,72,69.1,,,,
12670,71.7,69.1,,,,
12680,71.7,68.9,,,,
12690,72.2,68.9,,,,
12700,72.4,68.7,,,,
12710,72.9,68.6,,,,
12720,73.2,68.4,,,,
12730,73.7,68.2,,,,
12740,74.3,67.8,,,,
12750,74.1,67.1,,,,
12760,73.6,66.1,,,,
12770,73.4,64.8,,,,
12780,73.2,63.1,,,,
12790,73.4,61.4,,,,
12800,73.4,59.9,,,,
12810,73.4,58.3,,,,
12820,73.7,56.4,,,,
12830,73.6,54.5,,,,
12840,73.2,52.5,,,,
12850,72.5,50.8,,,,
12860,71.5,48.5,,,,
12870,70.3,46.1,,,,
12880,69.5,43.7,,,,
12890,69.3,41.4,,,,
12900,69.5,39,,,,
12910,68.8,36.4,,,,
12920,66.5,33.7,,,,
12930,64.1,31.1,,,,
12940,62.4,27.9,,,,
12950,62.8,24.6,,,,
12960,61.7,20.8,,,,
12970,57.6,17.3,,,,
12980,50.2,0,,,,
12990,41.7,15,,,,
13000,27.9,15,,,,
13010,30.7,14.1,,,,
13020,31.7,20.8,,,,
13030,32.9,26.3,,,,
13040,33.8,30,,,,
13050,35.8,33.6,,,,
13060,39.6,36.7,,,,
13070,44.7,39.7,,,,
13080,49.5,42.5,,,,
13090,50.9,45.4,,,,
13100,51.3,48,,,,
13110,52.3,50,,,,
13120,53.3,52.3,,,,
13130,53.8,53.6,,,,
13140,54.7,54.5,,,,
13150,56.1,55.5,,,,
13160,57.1,56.2,,,,
13170,56.9,57.1,,,,
13180,57.3,58.1,,,,
13190,58,58.8,,,,
13200,58.6,59.8,,,,
13210,59.5,60.3,,,,
13220,60.4,60.9,,,,
13230,61.4,61.3,,,,
13240,62.6,61.8,,,,
13250,63.3,62.2,,,,
13260,63.6,62.8,,,,
13270,64,63.1,,,,
13280,64.1,63.5,,,,
13290,64.5,63.9,,,,
13300,64.5,64.1,,,,
13310,64.8,64.4,,,,
13320,65.7,64.6,,,,
13330,66.9,64.6,,,,
13340,68.3,64.6,,,,
13350,70.1,64.6,,,,
13360,71.9,64.6,,,,
13370,73.4,64.8,,,,
13380,74.1,65.2,,,,
13390,74.3,65.4,,,,
13400,73.9,66.1,,,,
13410,73.4,66.9,,,,
13420,72.9,67.2,,,,
13430,72.7,68.2,,,,
13440,73.1,68.6,,,,
13450,73.4,68.9,,,,
13460,73.6,69.3,,,,
13470,74.3,69.5,,,,
13480,74.8,69.5,,,,
13490,74.8,69.7,,,,
13500,74.6,69.5,,,,
13510,74.4,69.5,,,,
13520,74.1,69.3,,,,
13530,74.1,69.3,,,,
13540,74.3,69.1,,,,
13550,74.6,69.1,,,,
13560,75.1,68.9,,,,
13570,76.1,68.9,,,,
13580,77.2,68.7,,,,
13590,78.2,68.7,,,,
13600,78.5,68.7,,,,
13610,78.5,68.7,,,,
13620,78,68.9,,,,
13630,77.3,69.1,,,,
13640,76.7,68.9,,,,
13650,76,68.6,,,,
13660,75.3,67.4,,,,
13670,74.6,66.5,,,,
13680,74.3,65.2,,,,
13690,74.3,63.7,,,,
13700,75.1,62.2,,,,
13710,76.5,60.7,,,,
13720,78.2,59,,,,
13730,78.5,57.1,,,,
13740,77.7,55.5,,,,
13750,76.3,53.6,,,,
13760,73.9,51.3,,,,
13770,72.2,49.7,,,,
13780,70.8,47.4,,,,
13790,70.5,45,,,,
13800,70.8,42.7,,,,
13810,70.5,40.3,,,,
13820,69.8,37.3,,,,
13830,69.3,34.5,,,,
13840,69.3,31.3,,,,
13850,68.9,28.3,,,,
13860,67.9,24.6,,,,
13870,66,20.6,,,,
13880,62.6,17.5,,,,
13890,56.8,14.5,,,,
13900,42.2,0,,,,
13910,38.9,14.3,,,,
13920,25.7,13,,,,
13930,29,20.3,,,,
13940,29,25.7,,,,
13950,31.7,29.8,,,,
13960,36,33.6,,,,
13970,41,36.7,,,,
13980,46.6,39.7,,,,
13990,50.9,42.5,,,,
14000,52.3,45,,,,
14010,53.1,47.6,,,,
14020,54.7,50,,,,
14030,56.2,52.3,,,,
14040,57.4,54.1,,,,
14050,58.1,56,,,,
14060,59.5,57.7,,,,
14070,60.5,59.2,,,,
14080,60.9,60.9,,,,
14090,61.2,62.2,,,,
14100,62.2,63.3,,,,
14110,63.4,64.3,,,,
14120,65,65,,,,
14130,66.7,65.8,,,,
14140,68.1,66.5,,,,
14150,69.1,67.1,,,,
14160,69.6,67.6,,,,
14170,69.6,68,,,,
14180,69.8,68.4,,,,
14190,70.5,68.9,,,,
14200,71,69.3,,,,
14210,71.5,69.5,,,,
14220,71.7,69.7,,,,
14230,71.7,69.5,,,,
14240,71.5,68.7,,,,
14250,71,68.2,,,,
14260,70.3,67.2,,,,
14270,69.6,66.3,,,,
14280,70.1,65.4,,,,
14290,70.8,64.4,,,,
14300,72.2,63.3,,,,
14310,72.7,62.2,,,,
14320,72.7,61.4,,,,
14330,72.4,60.3,,,,
14340,71.5,59.2,,,,
14350,70.8,58.1,,,,
14360,70.5,57.1,,,,
14370,70.5,56,,,,
14380,70.8,55.1,,,,
14390,71,54,,,,
14400,70.7,52.6,,,,
14410,70.1,51.5,,,,
14420,69.6,50.2,,,,
14430,68.6,49.1,,,,
14440,67.9,48,,,,
14450,67.6,47,,,,
14460,67.4,46.1,,,,
14470,67.2,45.4,,,,
14480,66.9,44.4,,,,
14490,66.7,43.7,,,,
14500,66,43.5,,,,
14510,65.5,43.5,,,,
14520,66,42.7,,,,
14530,65.8,41.8,,,,
14540,66,40.5,,,,
14550,66.2,39.2,,,,
14560,66.4,37.9,,,,
14570,65.8,36,,,,
14580,64.3,34.1,,,,
14590,62.8,32.4,,,,
14600,61.7,30.4,,,,
14610,60.4,28.3,,,,
14620,59.5,26.8,,,,
14630,57.1,26.4,,,,
14640,52.6,27.2,,,,
14650,51.6,28.1,,,,
14660,49,28.5,,,,
14670,49.7,28.9,,,,
14680,53,29.6,,,,
14690,53.5,29.8,,,,
14700,52.3,29.3,,,,
14710,53.3,28.7,,,,
14720,54.9,28.5,,,,
14730,56.1,28.7,,,,
14740,57.4,29.1,,,,
14750,57.4,29.1,,,,
14760,60.4,29.1,,,,
14770,62.2,28.9,,,,
14780,62.6,28.9,,,,
14790,61.2,28.9,,,,
14800,58.1,28.9,,,,
14810,55,28.9,,,,
14820,53,29.1,,,,
14830,52.5,29.3,,,,
14840,53.8,29.3,,,,
14850,58.1,29.4,,,,
14860,60.5,29.6,,,,
14870,60.9,29.6,,,,
14880,58.5,29.1,,,,
14890,56.1,27.9,,,,
14900,54,25.3,,,,
14910,53,22,,,,
14920,55,19.3,,,,
14930,55.9,16.7,,,,
14940,51.8,12.8,,,,
14950,43.4,10,,,,
14960,37.4,8,,,,
14970,33.2,6,,,,
14980,31,4,,,,
14990,30,2,,,,
15000,29,0,,,,
